id,title,manufacturer,price,__source
4156,grass valley edius 4 pro video editing software professional editing software,,449.95,google
3882,brocade comm 4100 secure fabric os w/2yr sw sup - br-3900sec-02-t,,9534,google
2756,individual software edm-tb1 - typing for business - win 98 me 2000 xp,,17.97,google
2540,the sims: hot date expansion pack,,19.87,google
2225,scholar's library: logos bible software 3 on dvd-rom,,472.46,google
2754,ams200 4gb,,383820.94,google
2437,nero mix cd recording software,,41.42,google
2545,microsoft(r) office word 2004 for mac full version,,231.29,google
3106,emc securid appl mnt - base/ ext 20mo per u 15005-20k - app0020000be20,,17,google
1647,myob accountedge 2007,,281.99,google
2686,mas 90(r) /mas 200(r) compatible laser checks,,106.29,google
3460,i spy spooky mansion deluxe i spy book and mini-cd,,17.9,google
4532,konami of america silent hill experience the,,7.08,google
1366,math missions: the amazing arcade adventure (grades 3-5),,12.95,google
146,microsoft mappoint 2006 standard edition,microsoft,299,amazon
4436,20 gb hard drive for xbox 360,,99.99,google
4124,individual software prm-rce resumemaker career edition,individual software,34.99,google
1471,11105947 symantec backup exec 11d for windows small business server standard - w/ continu,,479.12,google
4409,personal record keeper 5.0,,8.95,google
4016,software engineering with reusable components by j. sametinger 9783540626954,,92,google
2323,adobe cs3 web premium academic,,479.99,google
3779,freeverse software 006 active lancer,freeverse software,18.99,google
4503,broderbund ultimate print and craft suite,,49.99,google
4493,webroot(r) window washer(tm) 5.0,,28.99,google
2825,microsoft ov l/sa csf svr ext cntr 2yr/acqy2 add prd - jr8-00011,,212320,google
1215,microsoft digital image suite 2006 plus pinnacle studio 10.0,microsoft,99.95,amazon
2469,brain games: solitaire,,19.99,google
2987,ibm/lotus bj0dsml tiv stor mgr v5.3.0 mp ml md pk,,259.49,google
2629,specialty single window envelopes to match your forms & checks,,81.49,google
1892,yamaha julio iglesias julio iglesias - my life: the greatest hits (2-disc set) - smart pianosoft,,33.04,google
3353,nft1100 netflow tracker - license - 100 devices - linux win solaris,,60376.91,google
4034,sony creative software vegas43;dvd production suite v.7.0 complete product,,262.82,google
2692,three-to-a-page payroll checks,,104.39,google
3975,sony creative software vegas43;dvd v.7.0 complete product,,420.55,google
4405,aec software 10101090120000101 - aec fasttrack schedule v.9.0 - complete product - project management/version control - 1 user - complete product - standard - pc,,348.97,google
4068,practical software estimation: function point methods for insourced and,,39.59,google
4484,xbox: scarface: the world is yours,,39.99,google
1486,62000046dg adobe acrobat 3d - ( v. 1.0 ) - media - gov nact - tlp - cd - win - universal e,,19.11,google
1648,yamaha piano la carte,,22.13,google
4328,thinkin' things toony the loon's lagoon,,8.95,google
1527,yamaha carole king - tapestry - smart pianosoft,,14.86,google
1488,eq771av aba microsoft windows xp professional - license and media - 1 user - cto - english -,,137.09,google
4195,pearson education book-dvd: bookdvd: apple pro training series: shake 3 photoshop software,,44.95,google
1887,john jackson homespun video the fingerpicking blues of john jackson,,22.13,google
2569,nft1500 netflow tracker - license - 500 devices - linux win solaris,,177579.14,google
2613,mas 90(r) /mas 200(r) compatible continuous checks,,121.89,google
2251,dan rodowicz dan rodowicz love songs of the 90s - ez play today,,25.77,google
2818,microsoft molpc l/sa csf sbe order handling sbe 400pt - b7m-00255,,154550,google
4523,microsoft(r) windows(r) xp professional edition with sp2,,199.99,google
4383,studio ultimate version 11,,129.1,google
3776,firebox x550e gateway antivirus intrusion prevention service 1yr - watchguard -,,329.37 gbp,google
3685,adobe 61028030dg glp pdf gen ps-distiller lnx cd clp tlp 7.2,,20,google
2501,quicken(r) 2004 deluxe,,59.99,google
417,pressure pop!,selectsoft publishing,19.95,amazon
1432,mtp07emb3rua mcafee total protection 2007 - complete package - 3 users - cd ( mini-box ) - wi,,86.94,google
3258,pc treasures pct50130 sft elite suite deluxe 2007 vista compatible (pc treasures pct50130),,24.99,google
2589,i spy fantasy with mini cd for pc,,19.99,google
400,pokemon team turbo (jewel case),valusoft,9.99,amazon
133,snap enterprise data replicator advanced license for 10000 series,adaptec,0,amazon
2789,multipurpose continuous checks,,112.99,google
1646,lynyrd skynyrd yamaha lynyrd skynyrd - all-time greatest hits - smart pianosoft,,14.86,google
2542,nintendo gamecube: teen titans,,14.99,google
1915,hudson music snare drum basics - vhs video,,11.23,google
3359,jboss subscription service platinum - jboss portal - technical support,,57978.95,google
3287,fl72-h= cisco ios rsm firewall - upgrade license - english,,4099.5,google
4251,backyard skateboarding,,7.95,google
1501,01-ssc-7491 sonicwall email protection subscription - subscription license ( 2 years ) + dyn,,1542.62,google
1378,0202-034 axis camera station - license - 1 additional user,,95.12,google
1808,bobby joe holman play harmonica pack,,18.5,google
281,easy home massage - dvd,selectmedia entertainment,19.95,amazon
4313,lego island 2: the brickster's revenge,,9.95,google
1792,tony iommi tony iommi,,14.86,google
3314,exmpi555300m1200u exceed 3d 2007 - upgrade package - 1 user - cd - win,,137.35,google
614,microsoft works suite 2006,microsoft,99,amazon
208,wasp bar code - wasp bar code labeler - complete package - 3 users - std - cd -,wasp technologies,0,amazon
1885,anita o'day yamaha anita o'day's finest hour - smart pianosoft,,18.5,google
2087,73098 smarterm office - ( v. 12.1 ) - upgrade license and media - 1 user - cd - win -,,85.89,google
3395,encore software 10114 - adventure workshop 1st-3rd grade 7th ed sb cs by riverdeep,,17.97,google
3514,i spy treasure hunt with i spy book and mini-cd,,17.9,google
3116,12302 novanet library expansion option - upgrade license - 1 server - linux win nw,,333.31,google
3772,cisco ciscoworks v.6.1 for windows - upgrade - cww-6.1-win-mr,,225,google
3720,vpn manager 10 fireboxes - watchguard - wg4010,,831.36 gbp,google
4020,b + w portrait & family digital filter set plug-in software filters for photoshop for macintosh & windows,,59.95,google
2078,danny morris berklee press essential rock grooves for bass - berklee workshop series,,14.86,google
4163,pearson education book: the adobe photoshop lightroom book photoshop software,,39.95,google
2815,microsoft ov mp wbsr vl user sl&add sl mo sub 1mo - v4k-00009,,147213,google
1625,peter erskine trio hudson music peter erskine trio - live at jazz baltica,,14.86,google
3905,encore software 11960 - hoyle casino 3d - win 98 me 2000 xp,,7.69,google
4015,software requirements using the unified process: a practical approach,,44.99,google
2074,the coasters yamaha the very best of the coasters - smart pianosoft,,18.5,google
3101,22002170 adobe acrobat standard - ( v. 8.0 ) - complete package - 1 user - cd - win - can,,295.25,google
2606,mas 90(r) /mas 200(r) compatible continuous checks,,91.59,google
3819,panda software gatdef performa anti-spam mod 2001-3k 1yr - a1pgdpcash-gov,,14,google
3330,910620-000 rumba web-to-host for as/400 - ( v. 4.2 ) - license - 1 processor - tier p30 - s,,13275.05,google
4036,d-link vpn client software (5-user license) - ds-605 ds-605,,173.99,google
2742,multipurpose laser/inkjet checks,,106.29,google
3012,emc securid appl mnt - ent/ ext 7mo per u 1k5-15k - app0015000ee7,,15,google
1387,11105106 symantec bindview policy manager - ( v. 1.0 ) - media - cd - win - english,,16.09,google
1546,onone software qx-tools pro 7 - upgrade,,69.17,google
3323,01-ssc-7172 sonicwall cfs standard edition for totalsecure 10/25 series - subscription licen,,300.54,google
1391,633808035020 wasp nest ccd suite business edition - complete package - 1 user - cd - win,,179.03,google
3119,11997634 symantec backup exec system recovery desktop edition business pack - ( v. 7.0 ),,52.96,google
3129,masque 10192 slots from bally gaming,masque,18.99,google
1426,01-ssc-5310 sonicwall global vpn client - license - 1 user - win,,43.85,google
2233,artie traum happy traum homespun video easy steps to blues guitar jamming,,22.13,google
156,details 3.0,aec software,304.99,amazon
4288,canon vk-16 vk16 version 1.1 network video recording software software & accessories,,1000,google
2986,language guide for nuvi 350,,79.95,google
1974,thom bresh merle travis homespun the real merle travis guitar - like father like son,,22.13,google
3102,j8990a hp procurve mobility manager - ( v. 1.0 ) - license and media - 1 user - win,,1525.72,google
4396,quickbooks pro 2007 3 user,,409.52,google
3123,h22-01722 microsoft office project server 2007 - media - volume - cd - win - english,,23.48,google
2792,freeverse software 6001 - legion arena - mac 10.3.9 or later ub,,35.97,google
3622,native instruments traktor dj studio 3 dj rig update from traktor dj studio 1 and 2 music production software,,99,google
3358,jboss subscription service platinum - jboss portal - technical support,,57978.95,google
3548,sibelius auralia 2 software music production software,,113.5,google
4561,xbox 360: call of action 3 - gold edition,,59.99,google
1388,25510587 adobe after effects cs3 professional - complete package - 1 user - dvd - win - c,,1054.23,google
3104,22r4254 ibm vmware esx host kit - license - 1 server,,925.94,google
2830,autodesk 52710-091462-h000 ais 10 comm new slm dvd,,3416.15,google
435,media kit storage foundation basic lnx v4.1 cpu vol-4 file sys-4,veritas,0,amazon
2112,cd372-c= cisco ios ip - complete package - cd,,218.41,google
203,lotus dev. mqseries link for r/3-v1.2 cd sol ( 04l1671 ),lotus development corp,0,amazon
2434,emc deployment mgr per/u 20001-25000u - webexp-25000,,80382,google
1495,wg017285 watchguard spamblocker - subscription license renewal ( 1 year ) - 1 appliance,,1335.25,google
4374,procoder 3,,438.07,google
2413,versacheck(r) corporate 2005,,129.99,google
2058,buddy rich hudson music buddy rich - live at the 1982 montreal jazz festival - dvd,,22.13,google
3712,panda software webadmin 101-250u 1yr - b1aspwad,,37,google
1510,sims 2 season expansion pack,,37.99,google
3793,ca iss2007lec10 ca internet sec ste 2007 w/warranty xl box ecommerce 10u 0757943317589,,153.86,google
3327,oscar hernandez - 320505 - salsa piano,,18.5,google
2780,blank laser checks,,54.99,google
1442,eete7717 emc insignia eroom smb edition - ( v. 7.3 ) - media and documentation set - cd -,,37.24,google
2219,hewlett packard pn680a - hp remote graphics software for an hp system - maintenance ( 1 year ) - 1 seat - linux win hp-ux,,202.97,google
1935,topics entertainment instant play keyboard v2.0,,17.55,google
1726,filemaker pro 8.5 upgrade,,169.99,google
254,watchguard mobile user vpn 5 user bundle ( wg3605 ),watchguard technologies inc,0,amazon
3422,enfocus software ss4.0-ug-001 - upg pitstop server 4.0 single from 3.x,,677.97,google
3804,microsoft windows vista ultimate upgrade,,239.95,google
2769,deposit slips,,55.79,google
2508,cisco cns network registrar central manager v.6.1 - license - cnr-6.1-rcm500k,,71760,google
3036,equisys premium support zetafax 2007 - technical support - 1 year,,286.2,google
2801,individual software jce-th6 total 3d home deluxe j/c,individual software,9.99,google
2556,business cards certificates brochures,,19.99,google
3029,instant immersion italian audio (audio book),,19.95,google
184,crystal reports xi developer,business objects,595,amazon
478,sonicwall comprehensive gateway security suite - 1 year upgrade plan ( 01-ssc-5845 ),sonic systems inc.,0,amazon
4547,photostamps(r) business edition,,49.99,google
3375,avery c32015 quick & clean business cards 250gsm matt card for use with...,,18.54 gbp,google
2651,specialty double window envelopes to match your forms & checks,,67.49,google
4327,wacky farm,,8.95,google
3988,behringer ucg102 guitar link guitar-to-usb guitartousb interface usb interfaces & software,,39.99,google
3184,10731 the print shop 22 pro publisher deluxe - complete package - 1 user - win,,84.13,google
2682,laser checks for peachtree(r) accounting for windows 8.0-2005,,106.29,google
2347,adobe indesign cs3 for mac academic,,192.99,google
2039,school house rock! math rock,,9.9,google
4301,crayola first ladies costume maker,,9.95,google
2795,brain play preschool-1st grade,,17.9,google
2709,quicken(r) quickbooks(r) microsoft money(r) and simply money(r) elegant laser checks,,97.99,google
2974,ca olp bps midsize bus win r2 base+50u lic 2y entmnt - cabpmsnaen200c5,,5788,google
2874,panda software upg to gatdef performa 8200 2k0 1yr - uabpgdpcavo-gov,,12,google
2175,wiley publications book: photoshop cs for dummies photoshop software,,24.95,google
2646,nft1250 netflow tracker - license - 250 devices - linux win solaris,,102488.53,google
1437,38040048dm vlog it! - ( v. 2.5 ) - media - tlp tlp nonprofit - download - win - worldwide,,20.97,google
1645,bob florence quartet yamaha bob florence quartet - (for cd-compatible modules),,29.4,google
218,microsoft upg win small business svr cal ( t74-01215 ),microsoft corporation,330.14,amazon
2785,freeverse software 5014 - toysight gold (mac 10.2 or higher),,22.97,google
71,monarch v9.0 1u .,datawatch,699,amazon
4524,adobe creative suite 3 (cs3) design suite standard upgrade (upsell) - mac,,859.96,google
2926,beginner's guitar course vol. 1,,19.95,google
1459,910623-000 rumba web-to-host for as/400 - ( v. 4.2 ) - license - 1 processor - tier p60 - s,,29578.09,google
3698,mackie tracktion 3 project bundle music production software,,99.99,google
2340,adobe cs3 web standard academic,,389.99,google
3005,symantec 11281445 - antivirus v.10.2 business pack - complete product - antivirus - 100 user - complete product - standard - pc- free shipping,,2798.97,google
2921,access 2000 vb for applications fundamentals - microsoft press - 0-7356-0592-0,,15.1 gbp,google
3537,resco explorer 2007 for pocketpc windows mobile software for pocket pc,,29.95,google
560,symc backup exec aofo 11d win advanced open file option,symantec,769.49,amazon
4333,rainbow fish and the whale,,6.95,google
2502,peachtree(r) pro accounting 2007,,169.99,google
4069,estimating software-intensive systems: projects products and processes,,59.99,google
3434,encore software 13791 - super granny 3,,17.97,google
1920,david bowie yamaha the best of david bowie: 1974-1979 - smart pianosoft,,18.5,google
2221,sunburst technology t02473 - sunburst a to zap! network license - complete product - educational software - 1 server unlimited user - complete product - academic - mac pc,,488.97,google
3774,office mac 2004 - microsoft - 731-01002,,331.77 gbp,google
3977,sony creative software sound forge audio studio v.8.0 complete product,,55.29,google
3757,solid gold,,29.95,google
3037,wasp 633808550059 wasptime rfid clock only no software wasp clock 3100 - rf proximity reader - ethernet 0633808550059,,473.25,google
4055,abacus software s fs commuter pilot - pc,abacus software,28.99,google
3124,01-ssc-6780 sonicwall email security transition from mailfrontier - license - 1 server 50 u,,519.03,google
1421,b7305pa supportpack for hp openview manager for microsoft exchange server 2.0 premium -,,85.85,google
1874,dan rodowicz yamaha i'll be seeing you - jazz gems - (for xg-compatible modules),,25.77,google
4057,abacus software 5563 abacus 5563 - private pilot ii,abacus software,28.99,google
2744,daceasy(tm) continuous checks,,91.59,google
2553,mcafee internet security 7.0,,69.99,google
1751,atari unreal tournament 2004: dvd edition (pc) game,,9.99,google
3595,individual software prm-xw3 professor teaches excel & word,individual software,24.99,google
4280,sony photo go,,24.99,google
3846,aec software 10101090220000101 - aec fasttrack schedule v.9.0 - complete product - project management/version control - 1 user(s) - complete product - standard - mac,,348.97,google
2417,freeverse software 005 solace,freeverse software,18.99,google
2370,microsoft academic microsoft office project 2003 professional,,176.99,google
3644,encore software 12021 - encore cool tools for xp - utility - pc,,17.97,google
1997,yamaha boot scootin' boogie - (for xg-compatible modules),,6.14,google
3588,symantec n190198 - storage exec 5.5 for windows - documentation kit,,34.97,google
2757,freeverse software 6002 - heroes of might and magic v - mac 10.4 or later,,43.97,google
3382,encore software 10871 - family tree maker version 16 deluxe sb cs by family tree maker,,57.97,google
2211,john jab'o starks clyde stubblefield rittor music clyde stubblefield & john jab'o starks - soul of the funky drummers - vhs video,,22.13,google
2400,corel(r) wordperfect(r) office x3: home edition,,99.99,google
2435,software,,112.95,google
2092,ibm software lotus shrinkwrap ah09qml ibm lotus easysync pro 4.1 for win multilingual u retail,ibm software lotus shrinkwrap,76.42,google
361,adobe creative suite cs3 web standard upsell,adobe,799,amazon
2968,norton systemworks 2007 premier up - symantec - 10930721,,47.74 gbp,google
3619,panda software truprevent corporate 2006 5-25 1yr - b1prse6a,,25,google
1334,adobe creative suite cs3 web standard,adobe,999,amazon
2439,ibm websphere portal enable for iseries - ( v. 4.1 ) - complete package,,82676.95,google
2412,freeverse software 005 solace,freeverse software,18.99,google
1906,michael thompson star licks beginning acoustic guitar,,11.23,google
2978,storageworks enterprise backup solution + tivoli storage manager - complete package ( 2 months ) - 1 user - evaluation - cd - win solaris tru64 - english,,89.93 gbp,google
1407,dm0016009 contivity stateful firewall - license - 1 switch - english,,371.5,google
4424,jaws unleashed,,7.95,google
2643,peachtree(r) compatible continuous checks-accounting for windows 8.0-2004 version,,121.89,google
2111,436753-b21 hp insight control data center edition flexible quantity license rdp upgrade - l,,137.13,google
551,symc backup exec sbs aws 11d win sbs agent for windows systems,symantec,447.74,amazon
4314,spanish vocabulary builder,,6.95,google
3613,steinberg cubase studio 4 software - educational discount music production software,,179.95,google
474,microsoft asp net web matrix,microsoft,30,amazon
409,pdf converter 4,nuance,49.95,amazon
4025,aec software 1018001000132 fasttrack schedule 8 pda,aec software,85.99,google
144,backup exec netware open file v9.2 e/g full package product,veritas,695,amazon
155,softgrid cal for ts 4.1 english mlp 20 user cal,microsoft,0,amazon
2674,quickbooks(r),,178.99,google
4509,delorme street atlas usa 2004,,49.97,google
3502,marine aquarium & goldfish screen saver by encore software,,19.99,google
4050,iparrot thai/english phrase translator software for ipod ipod software,,19.95,google
3082,cd269-ar1p= cisco ios enterprise/snasw plus - complete package - cd,,2150.98,google
2511,adobe acrobat 7.0 professional (education version) for windows,,154.99,google
2680,peachtree(r) compatible continuous checks-accounting for windows 8.0-2004 version,,91.59,google
2538,mobile find,,29.99,google
407,rayman 10th anniversary collection,ubi soft,19.99,amazon
2574,kiplingers willpower,,29.99,google
3169,microsoft t07-00336 ae open crm l/sa ste std usr qual,,399.91,google
4499,photostudio(r) expressions 2.0,,29.99,google
2565,sony playstation 2: mortal combat: armageddon,,19.99,google
2196,individual software anytime organizer deluxe 10,,27.99,google
4305,mortgage master,,8.95,google
3871,individual software jce-th6 total 3d home deluxe j/c,individual software,9.99,google
222,pinnacle studio plus titanium edition v10.5,pinnacle,69.99,amazon
4073,software management approaches: project management estimation and life cycle,,64.95,google
2971,panda software ae gatedef 8100 antispam mod 251-500u 3yr - b3pgdbase-edu,,18,google
4275,abacus software s461 train sim modeller for pc,abacus software,32.99,google
3151,fb7-00576 microsoft encarta premium 2007 - media - volume - cd - win - french,,23.53,google
4089,making the software business case by reifer donald j. 9780201728873,,34.64,google
3061,cisco csa-b100-srvr-k9 cisco security server agent win + sol 100 agentbundle cisco security server agent - license - 100 agents - win solaris 0746320832586,,55288.67,google
3775,individual software prm-wn5 professor teaches windows xp,individual software,24.99,google
3298,cd269-b= cisco ios ip/ipx/appletalk - complete package - cd,,291.21,google
232,printshop home & office labels,broderbund,19.95,amazon
3057,hp t1935aa 0aa mfp dss3.0 secure workflow ltu for 4100/9000mfp 50lic in,,9470.41 gbp,google
4186,avid avid xpress pro hd real-time realtime video editing software + avid mojo hardware professional editing software,,1999,google
2658,microsoft open l/sa isa svr ent ed 25 1cpu lic - f89-01570,,99483,google
2819,microsoft molpc l/sa csf svr 400pt - b7n-00132,,156086,google
3161,6809a-g03-11.0 scansoft paperport - ( v. 11 ) - complete package - 5 users - win - english,,421.17,google
2483,microsoft academic microsoft office project 2003 standard,,69.95,google
1632,hal leonard rachmaninoff piano concerto no. 2 in c minor op. 18,,25.77,google
3603,sybex book: raw 101: better images with photoshop and photoshop elements photoshop software,,24.95,google
3081,wd-7000-0900 service agreement - ws_ftp professional software development kit technical suppo,,268.13,google
2031,tdk buddy rich jazz icons: buddy rich live in '78,,14.86,google
3481,apple mac os x v10.4 tiger software - single user apple & mac software,,114,google
3994,statistical methods in software engineering: reliability and risk 9780387988238,,99,google
1489,92722 tun plus 2006 - competitive upgrade license and media - 1 user - win,,166.15,google
3270,pcnf0040 pc-cillin internet security 2007 - complete package - 3 users - federal - win,,29.02,google
2779,freeverse software 4012 - 3d bridge deluxe (retail box) (mac 9.1-9.x 10.1 or higher),,22.97,google
240,lotus dev. ws bus int monitor v4.2.4-multi plat mp eng ( af04mna ),lotus development corp,0,amazon
2761,peachtree(r) complete iii,,178.99,google
1741,filemaker server 8 option pack,,1399,google
2084,00dexx17cc01 designcad - ( v. 17 ) - complete package - 1 user - cd - win,,25.54,google
3164,eqzfn07-220 zetafax additional lines for fax or sms - license - unlimited additional fax lin,,1412.69,google
1706,filemaker server 8 advanced,,2335,google
3219,ma265zm/a final cut express hd - ( v. 3.5 ) - media - volume - dvd - mac - multi-country,,12.98,google
2715,freeverse software 4024 robin hood: the legend of sheerwood,freeverse software,28.99,google
872,bingo dvd tv game,imagination international,17.99,amazon
3649,encore software 11181 - encore monopoly here & now - board game - pc,,17.97,google
1472,t5321a hp storageworks storage mirroring for aio edition - license - 1 host - win,,1834.26,google
2491,turbocad(r) designer 2d/3d version 9.1,,29.99,google
4072,fundamentals of software engineering by carlo ghezzi 9780133056990,,107,google
1608,pete huttlinger john denver homespun video learn to play the songs of john denver - dvd,,22.13,google
3799,computer associates ca server protection r3.1 base & 5u spa [non-returnable],,628.82,google
2365,nintendo gamecube: sonic adventure dx,,19.95,google
4325,clifford the big red dog - reading pack,,19.95,google
2728,daceasy(tm) continuous checks,,121.89,google
3158,t4396a hp storageworks application recovery manager online backup - license - 1 server,,1215.87,google
313,backyard soccer (mls edition),humongous sports,0,amazon
900,sims 2 seasons expansion pack,aspyr media,34.99,amazon
2770,bratz babyz for pc,,19.99,google
194,procurve manager plus upgrade-,hewlett packard,0,amazon
2414,versacheck(r) payroll,,79.99,google
226,refviz v2 mac single user,isi researchsoft,299.95,amazon
3217,panda software enterprisecure truprevent 101-250u 3yr - ub3prpesad,,73,google
2093,aa7-00013 shadowrun - complete package - 1 user - microsoft xbox 360 - dvd,,57.98,google
4340,tonka raceway,,7.95,google
1783,digital leisure inc mad dog 2: the lost gold,,15.27,google
3486,i copy dvds 2 ultra edition,,29.9,google
134,employee appraiser 5.0 deluxe mailer,global marketing,394.6,amazon
4515,mymaillist deluxe,,49.99,google
4345,reader rabbit kindergarten special 2-cd edition,,12.95,google
1573,hal leonard musicmaker,,22.13,google
4287,panasonic wv-as20 wvas20 network management software cctv software,,399.95,google
2603,brain play 1st-3rd grade,,17.9,google
2245,hal leonard best of classic themes 1 elementary docxg clavinova dsk/pkg,,25.77,google
3954,the sky 6 professional edition - astronomy software,,189.95,google
2460,act!(r) 2006 premium for workgroups,,399.99,google
4358,easy drums,,12.95,google
219,ca brightstor arcserve backup r11.1 for netware upgrade from arcserve 7 for netware,computer associates,0,amazon
2824,emc fed id mgr for 75 conn for ct authmgr cust - fimm-75r,,218313,google
1412,w-1rp-f-wx-00 crystal reports xi professional edition - complete package - 1 user - win - fren,,538.5,google
3424,encore software 13931 - 3d home architect landscape design deluxe version 9,,25.97,google
1675,sibelius sibelius photoscore professional 4,,145.7,google
3374,encore software 10590 - adventure workshop preschool 1st grade 7th ed sb cs by riverdeep,,17.97,google
2891,masque publishing 10226 classic game trio win 95 98 me nt 2000 xp/mac 8.6-9.xclassic x v10.1 or higher,masque publishing,28.06,google
1429,wg7569 watchguard livesecurity service gold - watchguard serverlock for solaris technic,,2279.02,google
4317,quickstudy us government,,8.95,google
2777,bethesda software 11980 - pirates of the caribbean: legend of jack sparrow - win me nt 2000 xp,,10.26,google
2300,emc insignia retrospect workgroup 6 upgrade,,162.99,google
2189,tomo fujita berklee press rittor music and hal leonard accelerate your guitar playing - exercises and tips to make you better - faster,,18.5,google
2385,photostamps(r),,19.99,google
299,wacky farm,casual arcade,19.95,amazon
402,blues clues preschool,humongous entertainment,0,amazon
3782,windows vista business sp - microsoft - 66j-00063,,272.38 gbp,google
3529,the sims expansion collection vol 1,,8.72,google
506,corel wordperfect office 12 standard upgrade,corel,149.99,amazon
1744,corel corel word perfect office 12 upgrade,,49.99,google
426,ca arcserve bkup protection suite exch r11.5 upgrade prod only,computer associates,0,amazon
3697,arcserve bkup protection suite exch r11.5 upg-v prod only,,2249.99,google
817,macjournal v4 (mac),csdc,39.95,amazon
1763,mariner macjournal 4 journal blog podcast software,,38.99,google
4038,mariner software macjournal v4,,39.99,google
441,sony acid music studio,sony pictures digital entertainment,69.99,amazon
3526,acid music studio 6,,59.95,google
1131,power production storyboard quick,power production,0,amazon
3535,power production storyboard quick 5 software for mac and windows animation software,,299,google
1109,halo (mac),macsoft,29.99,amazon
2325,destineer halo,,29.99,google
8,mia's math adventure: just in time,kutoka,19.99,amazon
3299,kutoka interactive 61208 mia's math adventure: just in time!,kutoka interactive,24.99,google
3691,kutoka interactive 61208 - mias math adventure (just in time) (win 95 98 me 2000 xp/mac 8.6-9.x (classic) x v10.1 or higher),,18.97,google
1256,galaxy of games 5000,2k games,19.99,amazon
1823,egames. inc galaxy of games 5000 pack,,16.62,google
741,illustrator cs3 13 mac ed 1u,adobe education box,199,amazon
1721,adobe illustrator cs3 for mac academic,,199.99,google
1049,home & business lawyer dlx 2006 by broderbund,encore software,0,amazon
3722,encore software 10476 - encore home and business lawyer 2006 deluxe - complete product - legal reference - 1 user - complete product - standard - pc,,17.97,google
30,adobe fireworks cs3 [mac],adobe,299,amazon
1791,adobe fireworks cs3,,309.99,google
276,instant immersion 33 languages,topics entertainment,49.99,amazon
4359,instant immersion 33 languages,topics entertainment,43.99,google
4385,instant immersion 33 languages,,47.36,google
797,zero-g pro pack for garageband (appleloops),zero-g,169.95,amazon
3960,east west propack for garageband av production software,,152.96,google
733,clickart 1.2 million dvd 2006 by broderbund,encore software,49.99,amazon
4297,encore software 10466 - clickart 1.2 million dvd 2006 by broderbund,,41.97,google
585,intervideo windvd 8 platinum,corel,69.99,amazon
3880,corel intervideo windvd 8 platinum software for windows authoring software,,69.95,google
97,tournament poker 2005,eagle games,20.99,amazon
3000,eagle games egl 150 tournament poker - no limit texas hold'em,eagle games,7.95,google
1240,upgrade acid pro 6 boxed,sony pictures digital entertainment,305.18,amazon
2453,sony media software acid pro 6 software upgrade from acid pro 5 music production software,,129.95,google
1178,band in a box 2007,pg music inc.,99,amazon
3513,pg music band in a box software for windows music production software,,74.95,google
131,microspot interiors,microspot ltd.,99.95,amazon
3179,microspot interiors (mac 10.2 or later),,99.95,google
4470,microspot interiors (ints3.6sb),,95.95,google
164,sea scene: living underwater worlds (jewel case),valusoft,9.99,amazon
2850,sea scene: living underwater worlds,,19.55,google
1047,game of life jc,encore,9.99,amazon
2110,encore software 11750 - game of life - win 95 98,,7.69,google
113,microsoft licenses win svr 2003 ext conn lic (r3900292),microsoft licenses,3371.85,amazon
3050,microsoft r39-00292 open win svr 2003 ext conn,,1863.78,google
1123,business card composer (mac),belight software,39.99,amazon
2303,belight business card composer,,39.99,google
349,middle school success deluxe 2008,topics entertainment,49.99,amazon
4225,middle school success deluxe 2008 (pc/mac) topics,,49.99,google
1148,sibelius 4 professional edition,sibelius software ltd.,599.99,amazon
3555,sibelius sibelius 4 software music production software,,449.95,google
1027,q*bert,encore,9.99,amazon
2128,encore software 14080 - q*bert - win 2000 xp vista,,7.69,google
454,land before time: preschool,brighter minds media inc.,9.99,amazon
3499,the land before time: preschool adventure,,12.9,google
624,timbuktu remote control softwre 2 licenses for windows & mac,netopia,199.99,amazon
1659,netopia timbuktu pro for mac and windows 2 pack,,207.99,google
1324,printmaster platinum v 17.0,encore software,39.99,amazon
2037,print master platinum v17,,29.9,google
925,instant play guitar deluxe v2.,topics entertainment,39.48,amazon
1542,topics entertainment instant play guitar deluxe v2.0,,31.06,google
531,microsoft windows server 2003 client additional license for users-5 pack,microsoft,809,amazon
3876,microsoft r18-00908 windows server 2003 client access license 20-pack (per user),microsoft,688.99,google
513,mavis beacon typing 17 (win/mac),encore software,19.99,amazon
3418,encore software 10076 - mavis beacon typing 17 standardby broderbund,,17.97,google
735,adventure workshop preschool (jewel case),encore software,29.99,amazon
4294,encore software 10538 - adventure workshop preschool 7 by the learning company,,17.97,google
875,century software - tinyterm plus v.4.0 - complete product,century software,0,amazon
3838,century software ttpl-1 - century tinyterm plus v.4.0 - complete product - connectivity/data acess - 1 user(s) complete product - standard - english - pc,,188.97,google
1346,visual thesaurus the - thinkmap inc.,csdc,39.95,amazon
1967,csdc visual thesaurus the - thinkmap inc.,,33.52,google
951,microspot macdraft professional (mac),microspot ltd.,349.99,amazon
2254,microspot macdraft professional edition,,249.99,google
962,gods & heroes: rome rising,sony online entertainment,49.99,amazon
2231,sony online entertainment gods & heroes rome rising,,49.5,google
320,quicken 2007 premier,intuit,79.95,amazon
3692,intuit quicken premier 2007 software for windows tax & finance software,,73.95,google
4418,quicken 2007 premier win cd,intuit,73.99,google
601,jumpstart kindergarten,knowledge adventure,19.99,amazon
3411,jumpstart kindergarten (jc),,9.9,google
1259,print shop 22 pro publisher deluxe,encore,99.99,amazon
1819,encore inc print shop 22 pro publisher deluxe,,85.07,google
57,museums of the world,topics entertainment,19.99,amazon
3464,topics presents: museums of world,,12.9,google
456,clickart fonts (2006) by encore,encore software,19.99,amazon
3913,encore software 10463 - clickart fonts (2006) by encore,,17.97,google
24,data protection suite,stomp inc,69.99,amazon
2802,data protection security suite 2005,,59.9,google
716,avid liquid pro,avid technology,1942.6,amazon
4191,avid liquid pro 7.0 video editing hardware/software bundle for windows professional editing software,,899,google
657,emedia guitar basics,emedia music,0,amazon
1597,emedia music corp emedia guitar basics,,16.64,google
312,norton antivirus 2007,symantec,39.99,amazon
1940,symantec norton anti-virus 2007 windows,,39.99,google
1030,final draft av 2.5 win/mac,final draft,199.99,amazon
3683,final-draft final draft av 2.5 screenwriting software - mac/win screen writing software,,199.95,google
1060,web.com site builder & hosting suite sb by web.com,encore software,49.99,amazon
3414,encore software 10652 - web.com site builder & hosting suite sb by web.com,,41.97,google
1313,brain builder,core learning,19.95,amazon
2015,sos aggregation company brain builder - core learning,,15.91,google
60,trudy's time and place house ages 3-6,ibm,0,amazon
3469,trudys time & place house,,9.9,google
787,hoyle 4-pack 2006,encore software,19.95,amazon
3930,encore software 11050 - hoyle 4-pack 2006 - win 98 me 2000 xp,,18.97,google
736,adobe creative suite cs3 production premium upgrade,adobe,799,amazon
1367,production prem cs3 mac upgrad,adobe software,805.99,google
1789,adobe cs3 production premium upgrade,,822.99,google
4380,production prem cs3 mac upgrad,,808.15,google
41,imsi turbocad designer v.11,imsi,39.99,amazon
3406,imsi turbocad designer 11,,12.9,google
1017,language lab german,topics entertainment,39.99,amazon
2172,topics entertainment 40206 - instant immersion german lab (software/audiobook/workbook) - win 98 me 2000 xp/mac os 9 or x,,34.97,google
1289,business card factory deluxe 3.0,nova development,29.99,amazon
1857,nova development corp business card factory deluxe 3.0,,28.3,google
1280,national parks: enhanced scenery add-on for microsoft flight simulator 2002 & 2000,abacus,19.99,amazon
1845,abacus national parks enhanced scenery,,17.55,google
1134,comic book library,marvel,49.99,amazon
2299,git comic book library collector's edition vol. 1,,19.99,google
971,instant immersion ingles audio deluxe,topics entertainment,0,amazon
2199,topics entertainment instant immersion ingles audio deluxe,,17.55,google
619,ideasoft photo clip art 10 000,nova development,0,amazon
1653,nova development corp ideasoft photo clip art 10000,,7.81,google
1079,tropico 2: pirate cove (mac),destineer inc,29.99,amazon
2360,destineer tropico 2: pirate cove,,29.99,google
372,readiris pro 11 corporate edition,iris inc.,399.99,amazon
4190,readiris pro 11 corporate edition for pc,,349.99,google
753,microsoft office & windows training professional,topics entertainment,49.95,amazon
2860,microsoft office and windows training professional,,29.99,google
598,adobe pagemaker v7.0.2 cd mac-upg ( 17530402 ),adobe,138.45,amazon
2318,adobe pagemaker 7.0 for mac version upgrade,,79.99,google
266,intervideo dvd copy 5 platinum,corel,49.99,amazon
3747,corel intervideo dvd copy 5 platinum software for windows authoring software,,49.95,google
626,steinberg halion symphonic orchestra virtual instrument (academic version),steinberg,374.99,amazon
1655,steinberg software halion symphonic orchestra - educational edition,,545.51,google
112,foreign policy & reform (win/mac) (jewel case),fogware publishing,9.99,amazon
3052,fogware publishing - 10356 - high school us history 2 - foreign policy & reform,,6.84,google
1296,starry night astronomy screensaver win/mac,imaginova,19.99,amazon
2055,orion/imaginova starry night screensaver,,16.27,google
676,lightroom 1 mlp retail ue 1u,adobe,299,amazon
1724,adobe photoshop lightroom,,264.99,google
832,global software smart steps 2nd grade ( windows macintosh ),global software,0,amazon
4131,global software a0447jch - dk smart steps 2nd grade - win 95 98 me 2000 xp vista,,9.08,google
581,hoyle board games,encore,9.99,amazon
3946,encore software 10027 - hoyle board games (win 98 me 2000 xp),,7.47,google
348,microsoft office & windows training,topics entertainment,29.99,amazon
2948,microsoft office and windows training (win 98 me nt 2000 xp),,29.95,google
819,mavis beacon 17 standard,encore software,19.95,amazon
4193,mavis beacon teaches typing 17 standard (pc/mac) encore,,19.99,google
522,microsoft visio standard 2007,microsoft,259.95,amazon
4210,microsoft office visio standard 2007 (pc),,249.95,google
186,learn2 training for microsoft powerpoint,topics entertainment - software (consignment),9.99,amazon
2881,learn2 training for microsoft powerpoint (win 95 98 me nt 2000 xp),,9.99,google
77,age of mythology (mac),macsoft,19.99,amazon
2969,destineer inc 10307 - age of mythology (mac 8.6-9.x (classic) x v10.1 or higher),,17.97,google
795,ca arcserve bkup r11.5 win client vss software snap-shot- prod only,computer associates,0,amazon
3957,computer associates babwbr1151s33 - brightstor arcserve backup client for vss software snap-shot v.11.5 for windows with service pack 1 - add-on - backup & recovery - 1 server(s) - complete product - standard - multilingual - pc,,799.97,google
748,rollercoaster tycoon 3: soaked,aspyr media,19.99,amazon
1714,rollercoaster tycoon 3 soaked,,23.99,google
532,quickbooks pro 2007 for mac (mac),intuit,199.95,amazon
2285,intuit quickbooks pro 2007 for mac,,185.99,google
3879,intuit quickbooks pro 2007 software for mac finance software,,189.95,google
485,on hand spanish 1-2-3 ( windows ),on hand software,9.99,amazon
3797,csdc jc212 spanish 1-2-3 - on hand software,csdc,9.99,google
1125,adobe solution expert support,adobe,299,amazon
3039,adobe 09951404 solution expert annu all,adobe,233.99,google
799,hp dss software - ( v. 4.0 ) - complete package ( t1936aa ua0 ),hewlett packard (consumables),630.36,amazon
2167,hewlett packard t1936aa ua0 - hp digital sending software 4.0 - complete product - document management - 1 device(s) - complete product - standard - multilingual - pc,,342.97,google
3955,hp t1936aa uao digital sending software 4.0 (10 device license),hp,369.99,google
574,microsoft mappoint 2006 with gps,microsoft,349,amazon
4392,microsoft mappoint 2006 with gps locator (pc),,349.99,google
40,the print shop 22 deluxe,encore,49.99,amazon
3413,the printshop v22 deluxe,,29.9,google
1294,jumpstart 4th-6th grade v 2.0 b43,knowledge adventure,19.99,amazon
2066,knowledge adventure inc. jumpstart 4th-6th grade v 2.0 b43,,16.93,google
1080,adventure workshop 4th-6th grade 7th edition,encore software,19.99,amazon
3459,encore software 10119 - adventure workshop 4th-6th grade 7th edition - win xp,,18.97,google
956,apple logic pro 7.2 retail,apple,999,amazon
3654,apple/emagic logic pro 7.2 software music production software,,999,google
1101,steinberg cubase studio 4,steinberg,499.99,amazon
2731,steinberg cubase studio 4 software music production software,,399.99,google
1229,adobe photoshop cs2 advanced techniques by julieanne kost,software cinema,0,amazon
2445,software cinema dvd-rom: dvdrom: photoshop cs2 advanced techniques (training) photoshop software,,159.95,google
90,emc retrospect 7.5 professional for windows upgrade,dantz,0,amazon
3003,retrospect 7.5 prof win upg only pz24a0075,emc,54.68,google
1085,burning monkey solitaire 4.0,freeverse software,24.95,amazon
2348,freeverse burning monkey solitaire 4.0,,24.95,google
855,micromat podlock (mac),micromat,69,amazon
1552,micromat podlock ipod utility software,,39.99,google
1008,norton internet security 2008 10 user,symantec,199.99,amazon
2897,norton internet security 2008 10 user,,199.99,google
625,apple final cut studio 2 upgrade from final cut studio (mac),apple,499,amazon
1657,apple final cut studio 2 upgrade from final cut studio,,499.99,google
552,corel snapfire plus [ignite photo fun],corel,39.99,amazon
1904,corel corporation corel snapfire plus,,37.2,google
1174,adobe indesign cs3 upgrade from pagemaker [mac],adobe,199,amazon
2286,adobe indesign cs3 for mac upgrade from pagemaker,,205.99,google
754,internet cleanup 3.0,aladdin systems,29.99,amazon
1702,allume internet cleanup 3.0,,24.99,google
185,iremember digital scrapbooking 2.0,intriguing development,39.95,amazon
2913,iremember 2.0 - intriguing development,,32.99,google
909,oxford world encyclopedia,tri synergy,19.99,amazon
1532,tri synergy inc oxford world encyclopedia,,16.31,google
786,jeopardy! deluxe,encore,19.99,amazon
3931,encore software 14110 - jeopardy! deluxe - win 2000 xp vista,,18.97,google
722,steinberg nuendo 3 digital audio software,steinberg,2499,amazon
4165,steinberg nuendo 3 music production software,,1999.99,google
1160,apple mac os x tiger 10.4.6 (mac dvd),apple computer,129,amazon
1805,apple mac os x 10.4.6 tiger,,119.99,google
542,apple ilife '06 (mac dvd) [older version],apple computer,79,amazon
1585,apple ilife '06,,79.99,google
2867,ilife '06 mac - apple - ma166z/a,,47.8 gbp,google
3612,apple ilife '06 software av production software,,79,google
739,iris readiris pro 11.0 (mac),i.r.i.s.,129.95,amazon
1787,iris readiris pro 11 mac ocr,,109.99,google
25,kids power fun for girls,topics entertainment,19.99,amazon
2808,kids power fun for girls,,15.9,google
1341,instant immersion hawaiian audio,topics entertainment,0,amazon
2010,topics entertainment instant immersion hawaiian audio,,12.05,google
356,ringtone media studio 2,laplink,19.95,amazon
4205,ringtone media studio (pc) avanquest,,19.99,google
529,zoo tycoon 2: marine mania expansion,microsoft,19.99,amazon
2963,zoo tycoon for windows,,25.99,google
981,instant immersion italian v2.0 (large box),topics entertainment,29.99,amazon
2208,topics entertainment instant immersion italian 2.0,,17.55,google
38,the big mix (mac),aladdin,59.99,amazon
3421,the big mix,,36.9,google
496,microsoft windows vista business 32-bit for system builders,microsoft,179.99,amazon
3006,microsoft windows vista business - 32-bit oem,,149.99,google
1138,net ad creator,laughing bird,39.99,amazon
2297,laughingbird the flash ad creator,,34.99,google
98,cold zero: no mercy,encore software,19.99,amazon
3046,encore 28008 cold zero,encore,21.99,google
63,movies on psp,x-oom,0,amazon
3492,movies on psp,,15.9,google
245,dora the explorer: dora's world adventures,activision,19.99,amazon
1507,dora the explorer: dora world adventures pc cd-rom,,19.99,google
621,entertainment partners budgeting (mac),entertainment partners,699,amazon
1652,entertainment partners ep budgeting for film,,415.99,google
916,professor fuji's sudoku (jewel case),encore software,9.99,amazon
3920,encore software 10313 - professor fujis sudoku (win 98 me 2000 xp),,8.27,google
725,omniweb 5.0,omni group,29.99,amazon
1803,omni web 5.0,,23.99,google
199,netmanage upg rumba unix-hp edition level ( 902453-007-c ),netmanage,0,amazon
1428,902453-007-b rumba unix-hp edition - upgrade license - 1 user - volume - level b ( 5-49 ) - c,,147.73,google
3080,902453-007-e rumba unix-hp edition - upgrade license - 1 user - volume - level e ( 1000-1999,,106.48,google
883,adobe creative suite cs3 production premium,adobe,1699,amazon
2284,adobe cs3 production premium,,1749.99,google
3756,adobe production premium cs3 software suite for mac av production software,,1698.95,google
1327,great invasions,strategy first,39.99,amazon
2006,strategy first inc. great invasions,,34.07,google
693,kakuro puzzle addict unlimited edition,global software publishing,9.99,amazon
4145,global software a7163jcw - kakuro puzzle addict unlimited edition - dvd movie,,8.79,google
573,coreldraw graphics suite x3 upgrade,corel,179,amazon
3009,coreldraw graphics suite x3 upgrade windows,,184.5,google
3997,coreldraw graphics suite x3 upgrade (win 98 me nt 2000 xp vista),,179,google
762,i transfer dvds 2 ipod edition (win/mac),me too software,29.99,amazon
1759,me too software i transfer dvds 2 ipod,,29.99,google
857,cakewalk sonar home studio 6 xl,cakewalk,209,amazon
3868,cakewalk sonar home studio 6 xl software music production software,,159,google
1081,stuffit deluxe v 10.0 (mac),smith micro software,79.99,amazon
2343,allume stuffit deluxe 10.0 os x 10.4 or higher,,69.99,google
119,sierra hallmark card studio special edition ( windows ),nova development,0,amazon
3137,sierrahome hse hallmark card studio special edition win 98 me 2000 xp,sierrahome,19.26,google
1087,captain america the complete comic collection win/mac,git corp,49.95,amazon
2351,git captain america: the complete collection dvd-rom,,42.99,google
828,pinnacle mobile media converter,pinnacle,29.99,amazon
4122,pinnacle mobile media converter software for windows ipod software,,29.95,google
1089,e-mu em8685 beat garden x emulator x2/proteus x2 soundset,e-mu,129.99,amazon
2735,e-mu beat garden x for emulator x and proteus x software modules sounds for software,,69.99,google
923,adobe illustrator cs3 upgrade [mac],adobe,199,amazon
1539,adobe illustrator cs3 upgrade for mac,,206.99,google
1072,marine aquarium & goldfish screen saver by encore software,encore software,0,amazon
3409,encore software 10561 - marine aquarium & goldfish screen saver by,,17.97,google
3928,marine aquarium & goldfishscreen saver by encore software,,18.27,google
431,microsoft windows server 2003 client additional license for devices - 5 pack,microsoft,209,amazon
4472,microsoft windows server 2003 client additional license for devices - 5 pack (823930),,158.39,google
500,the printshop business card maker (jewel case),riverdeep - learning company,9.99,amazon
1663,encore inc printshop business card maker,,8.01,google
3926,encore software 2137421 - printshop business card maker (win 98 me 2000 xp),,8.64,google
489,flyboys squadron mac,ientertainment,29.99,amazon
3785,flyboys squadron mac,,24.99,google
1142,adobe captivate 2.0,adobe,1083.95,amazon
3564,adobe captivate 2 software for windows presentation software,,598.95,google
864,vocabulary puzzles grade 1,school zone,14.95,amazon
1570,school zone interactive vocabulary puzzles 1 on track software,,9.45,google
486,pcanywhere 11.0 host only cd-rom xp 98 nt w2k me,symantec,0,amazon
3809,symantec pcanywhere 11.0 - windows,,19.99,google
23,the printshop 20 professional publisher,broderbund,69.99,amazon
2800,printshop 20 pro publisher,,34.9,google
994,irispen express translator,iris,149.99,amazon
2191,iris inc irispen express translator,,142.29,google
815,extensis intellihance pro 4.x win/mac,extensis corporation,199.99,amazon
4023,onone software ice-10770 intellihance pro 4.1 mac/win (buy now and get free cs3 compatibility upgrades),onone software,158.99,google
4180,onone software ice-10770 intellihance pro 4.1 mac/win (buy now and get free cs3 compatibility upgrades),onone software,158.99,google
769,power director 3,avanquest publishing usa inc.,79.95,amazon
1747,cyberlink power director 3,,9.99,google
933,axis & allies (jewel case),encore,9.99,amazon
3912,encore software 11620 - axis & allies - win 98 me 2000 xp,,7.69,google
1241,quicken legal business pro 2007,nolo press,79.99,amazon
1886,nolo quicken legal business pro 2007,,67.94,google
662,microsoft windows terminal server 2003 client additional license for users- 5 user,microsoft,669,amazon
2908,win 2003 ter svr cal 5pk microsoft r19-00846,,762.95,google
4480,microsoft windows terminal server 2003 client additional license for users- 5 user (824048),,719.04,google
1350,train sim modeler design studio,abacus,39.99,amazon
1958,abacus train sim modeler,,29.84,google
1352,ufo afterlight,topware interactive,39.99,amazon
1954,sos aggregation company ufo afterlight - topware interactive,,33.52,google
1045,jackpot tycoon (jewel case),encore,9.99,amazon
2117,encore software 33020 - jackpot tycoon - win 98 me 2000 xp,,8.44,google
169,reel deal casino quest,phantom efx,19.99,amazon
2864,reel deal casino quest (win 95 98 me 2000 xp),,19.95,google
122,watchguard serverlock manager (100 servers),watchguard technologies inc,14995,amazon
3087,serverlock manager - 100 servers,,56543.88,google
660,usa/world extreme landscapes bundle,abacus,39.95,amazon
1598,abacus usa/world extreme landscapes bundle,,38.43,google
961,vegas movie studiodvd+8 plat,sony media,129.95,amazon
1372,vegas movie studiodvd+8 plat,sony creative software,92.99,google
3670,sony vegas movie studio+dvd v8 platinum edition video editing software professional editing software,,129.95,google
742,star wars empire at war (intel only macs),aspyr media,49.99,amazon
1719,aspyr star wars empire at war,,47.99,google
3980,star wars empire at war (mac intel),,49.99,google
1211,enteractive fps creator ( windows ),enteractive inc.,0,amazon
1910,enteractive inc fps creator,,44.58,google
373,magellan mapsend lakes (usa south),magellan,114.66,amazon
4168,magellan mapsend lakes usa south,,99.95,google
413,human body 360,megasystems,29.99,amazon
4236,human body 360 megasystems,,29.99,google
414,web radio recorder,magix entertainment,0,amazon
4238,magix webradio recorder (pc) magix entertainment,,24.99,google
1232,sound forge 9.0,sony media,399.96,amazon
2448,sony media software sound forge 9 digital audio production suite music production software,,299.95,google
473,pro photo essentials plug in suite & iview mediapro 3,onone software,499.95,amazon
3848,onone software inc. ppi-12005 - pro photo essentials plug in suite & iview mediapro 3,,450.97,google
351,is3 stopzilla 4.0 [stop spyware pop-ups id theft],roxio,29.95,amazon
4221,stopzilla! 4.0 (pc) roxio,,29.99,google
74,mac os x server v10.4.7 10-client,apple,499,amazon
2962,apple apple mac os x server 10 4 7 10 client,,499,google
890,instant immersion japanese deluxe 2.0,topics entertainment,39.99,amazon
4386,instant immers japanese dlx 2.,,36.11,google
934,panda antivirus 2007,panda software,29.95,amazon
1536,sos aggregation company panda antivirus 2007,,23.72,google
1219,the movies (mac),feral interactive,49.95,amazon
1919,feral interactive the movies,,47.99,google
609,quicken 2007 for mac,intuit,69.95,amazon
2263,intuit quicken 2007 macintosh,,69.99,google
3551,intuit quicken mac 2007 software finance software,,69.95,google
939,bias peak pro 5 ( macintosh ),bias,599,amazon
3637,bias peak pro 5 software music production software,,499,google
1233,audio success suite edition:sales success,topics entertainment,19.95,amazon
1876,topics entertainment audio success suite edition:sales success,,12.05,google
